uid,category_str,count
WOS:000071108600026,wwt,1
WOS:000071341000055,marine,1
WOS:000071489100012,wwt,1
WOS:000071577500007,wwt,1
WOS:000072158500016,wwt,1
WOS:000072292700027,wwt,1
WOS:000072426900007,terrestrial,1
WOS:000072427700016,wwt,1
WOS:000072793500003,wwt,1
WOS:000073289700012,freshwater,1
WOS:000073795400032,wwt,1
WOS:000073933300068,wwt,1
WOS:000073933300077,wwt,1
WOS:000073933300084,wwt,1
WOS:000073933300087,wwt,1
WOS:000073933300089,wwt,1
WOS:000073933300092,wwt,1
WOS:000073933300097,wwt,1
WOS:000074451100037,freshwater,1
WOS:000074487300009,terrestrial,1
WOS:000074504100018,wwt,1
WOS:000074735800003,"terrestrial,freshwater",2
WOS:000074811400011,"terrestrial,freshwater",2
WOS:000074923500007,freshwater,1
WOS:000074989400012,marine,1
WOS:000075127200025,wwt,1
WOS:000075837300005,wwt,1
WOS:000075920800021,wwt,1
WOS:000076609900020,freshwater,1
WOS:000076670400001,freshwater,1
WOS:000076804800010,wwt,1
WOS:000076804800015,wwt,1
WOS:000076804800026,wwt,1
WOS:000077341900010,"freshwater,marine",2
WOS:000077499200002,wwt,1
WOS:000077530300020,wwt,1
WOS:000077530300022,wwt,1
WOS:000077621600031,wwt,1
WOS:000077955400007,terrestrial,1
WOS:000077956000010,wwt,1
WOS:000078379000009,wwt,1
WOS:000078379000016,wwt,1
WOS:000078814700011,"terrestrial,freshwater",2
WOS:000079058900007,wwt,1
WOS:000079775500005,terrestrial,1
WOS:000079775500006,terrestrial,1
WOS:000079775500007,terrestrial,1
WOS:000079775500016,terrestrial,1
WOS:000079866700009,wwt,1
WOS:000079918700001,wwt,1
WOS:000080014900004,wwt,1
WOS:000080024500013,wwt,1
WOS:000080250600001,wwt,1
WOS:000080250600002,wwt,1
WOS:000080250600003,wwt,1
WOS:000080250600004,wwt,1
WOS:000080250600014,freshwater,1
WOS:000080948600005,terrestrial,1
WOS:000080959700006,wwt,1
WOS:000081003700006,"terrestrial,freshwater",2
WOS:000081516700011,freshwater,1
WOS:000081550200021,wwt,1
WOS:000082247900004,"wwt,terrestrial",2
WOS:000082421400025,"wwt,terrestrial",2
WOS:000083211200007,freshwater,1
WOS:000083229200017,wwt,1
WOS:000083241700004,terrestrial,1
WOS:000083352700005,wwt,1
WOS:000083692200002,marine,1
WOS:000084607800017,freshwater,1
WOS:000084653200005,"terrestrial,freshwater,marine",3
WOS:000084997400010,freshwater,1
WOS:000085233000004,marine,1
WOS:000085360800032,wwt,1
WOS:000085604800044,wwt,1
WOS:000085673600025,wwt,1
WOS:000086089700020,wwt,1
WOS:000086536000015,terrestrial,1
WOS:000086614600012,wwt,1
WOS:000086636300004,wwt,1
WOS:000087035400011,wwt,1
WOS:000087436600005,wwt,1
WOS:000087641000012,marine,1
WOS:000088016400035,wwt,1
WOS:000088288700002,marine,1
WOS:000088517600039,marine,1
WOS:000088842000003,terrestrial,1
WOS:000088847400012,terrestrial,1
WOS:000088958500012,wwt,1
WOS:000088958700001,wwt,1
WOS:000088958700014,wwt,1
WOS:000089233400014,freshwater,1
WOS:000089347800005,"terrestrial,freshwater",2
WOS:000089610900007,terrestrial,1
WOS:000089881000012,wwt,1
WOS:000090006400006,wwt,1
WOS:000090041400012,wwt,1
WOS:000165120700003,marine,1
WOS:000166139100033,"wwt,terrestrial,freshwater",3
WOS:000166198800025,freshwater,1
WOS:000166466700014,wwt,1
WOS:000167316800012,wwt,1
WOS:000167316800022,wwt,1
WOS:000167399100011,"wwt,freshwater",2
WOS:000167574900047,wwt,1
WOS:000167730000004,wwt,1
WOS:000167944600026,wwt,1
WOS:000167944600035,wwt,1
WOS:000168506200005,wwt,1
WOS:000168528100005,"terrestrial,freshwater",2
WOS:000168639400014,wwt,1
WOS:000168678400003,terrestrial,1
WOS:000169201600001,terrestrial,1
WOS:000169628100009,"terrestrial,agriculture",2
WOS:000169780700011,wwt,1
WOS:000170035000012,wwt,1
WOS:000170035100006,wwt,1
WOS:000170035100007,wwt,1
WOS:000170086500016,terrestrial,1
WOS:000170142600021,wwt,1
WOS:000170142600026,wwt,1
WOS:000170177300019,wwt,1
WOS:000170299900024,marine,1
WOS:000170425900012,wwt,1
WOS:000170574900009,wwt,1
WOS:000170652900030,"terrestrial,marine",2
WOS:000170681200003,freshwater,1
WOS:000170735000011,marine,1
WOS:000170779900002,wwt,1
WOS:000170806300011,"freshwater,marine",2
WOS:000170886000009,wwt,1
WOS:000170963600010,"terrestrial,freshwater,marine",3
WOS:000171009800022,freshwater,1
WOS:000171781800016,wwt,1
WOS:000172436800009,wwt,1
WOS:000172467300018,freshwater,1
WOS:000172510600006,wwt,1
WOS:000173007400002,wwt,1
WOS:000173049700011,freshwater,1
WOS:000173262400027,terrestrial,1
WOS:000173549800010,"wwt,terrestrial",2
WOS:000173559200015,wwt,1
WOS:000173644400021,freshwater,1
WOS:000174393900008,freshwater,1
WOS:000174919400003,wwt,1
WOS:000175148600012,wwt,1
WOS:000175350500005,wwt,1
WOS:000175441400010,wwt,1
WOS:000175786600019,freshwater,1
WOS:000175786600024,freshwater,1
WOS:000175824100027,wwt,1
WOS:000175836400006,wwt,1
WOS:000175859300010,"terrestrial,freshwater,marine",3
WOS:000176030100019,wwt,1
WOS:000176179700010,wwt,1
WOS:000176505200003,terrestrial,1
WOS:000176811800008,"terrestrial,freshwater,marine",3
WOS:000177132200010,agriculture,1
WOS:000177441400005,wwt,1
WOS:000177529800008,wwt,1
WOS:000177532300001,"freshwater,marine",2
WOS:000177772000003,wwt,1
WOS:000177925500002,wwt,1
WOS:000177989100021,wwt,1
WOS:000177989100023,wwt,1
WOS:000177989100024,wwt,1
WOS:000177989100025,wwt,1
WOS:000177989100026,wwt,1
WOS:000177989100027,wwt,1
WOS:000177989100028,wwt,1
WOS:000177989100029,wwt,1
WOS:000177989100030,wwt,1
WOS:000177989100031,wwt,1
WOS:000177989100068,wwt,1
WOS:000178004800009,terrestrial,1
WOS:000178081600021,"terrestrial,freshwater",2
WOS:000178380900037,wwt,1
WOS:000178390200063,wwt,1
WOS:000178390200064,wwt,1
WOS:000178394300016,"terrestrial,freshwater",2
WOS:000178434900023,wwt,1
WOS:000178434900024,wwt,1
WOS:000178434900025,wwt,1
WOS:000178481500001,wwt,1
WOS:000178644900003,terrestrial,1
WOS:000178794000005,wwt,1
WOS:000178976800014,freshwater,1
WOS:000179329400010,terrestrial,1
WOS:000179363300009,wwt,1
WOS:000179440400003,wwt,1
WOS:000179563500018,wwt,1
WOS:000180146800011,wwt,1
WOS:000180570600003,wwt,1
WOS:000180940600008,terrestrial,1
WOS:000181219800002,"terrestrial,freshwater,marine",3
WOS:000181461900014,terrestrial,1
WOS:000182237500002,wwt,1
WOS:000182421600024,wwt,1
WOS:000182728900013,terrestrial,1
WOS:000182997100031,"terrestrial,freshwater",2
WOS:000183015600015,terrestrial,1
WOS:000183229800014,wwt,1
WOS:000183355600002,wwt,1
WOS:000183605000005,"terrestrial,marine",2
WOS:000183605400005,terrestrial,1
WOS:000183758500005,wwt,1
WOS:000183839100020,wwt,1
WOS:000183919700011,wwt,1
WOS:000184160600009,wwt,1
WOS:000184237700035,"wwt,terrestrial",2
WOS:000184255000009,"terrestrial,freshwater,marine",3
WOS:000184507000071,marine,1
WOS:000184522700011,wwt,1
WOS:000184595400004,wwt,1
WOS:000184595400006,wwt,1
WOS:000184595400016,wwt,1
WOS:000184595400031,wwt,1
WOS:000184813200017,"wwt,terrestrial",2
WOS:000185155400024,"wwt,freshwater",2
WOS:000185444500005,wwt,1
WOS:000185773700013,terrestrial,1
WOS:000185785600028,terrestrial,1
WOS:000185891100006,"terrestrial,freshwater,marine",3
WOS:000185979500014,"terrestrial,freshwater",2
WOS:000186236800003,wwt,1
WOS:000186296600010,freshwater,1
WOS:000186322000016,terrestrial,1
WOS:000186636900031,"terrestrial,freshwater",2
WOS:000186649600004,wwt,1
WOS:000186649600009,wwt,1
WOS:000187208400008,wwt,1
WOS:000187413100006,"terrestrial,freshwater",2
WOS:000187431000002,wwt,1
WOS:000187634600006,wwt,1
WOS:000188115300073,"wwt,marine",2
WOS:000188381100001,"terrestrial,freshwater",2
WOS:000188550600005,"wwt,terrestrial,marine",3
WOS:000188611300014,wwt,1
WOS:000188701000015,wwt,1
WOS:000188829700004,freshwater,1
WOS:000188856600017,wwt,1
WOS:000189304200005,terrestrial,1
WOS:000203019100018,terrestrial,1
WOS:000208863600001,marine,1
WOS:000208996600008,marine,1
WOS:000209192600001,terrestrial,1
WOS:000220013400006,"wwt,marine",2
WOS:000220016300004,wwt,1
WOS:000220040700042,terrestrial,1
WOS:000220160000002,wwt,1
WOS:000220160000003,wwt,1
WOS:000220160000004,wwt,1
WOS:000220262100005,wwt,1
WOS:000220784200006,freshwater,1
WOS:000220840700009,terrestrial,1
WOS:000221587400011,freshwater,1
WOS:000221603500006,freshwater,1
WOS:000221776200024,wwt,1
WOS:000222001100003,wwt,1
WOS:000222215200006,wwt,1
WOS:000222815300026,freshwater,1
WOS:000222854300002,terrestrial,1
WOS:000222857900027,wwt,1
WOS:000223254700005,wwt,1
WOS:000223353000001,"terrestrial,freshwater,marine",3
WOS:000223569300002,wwt,1
WOS:000223791500116,marine,1
WOS:000223901100043,wwt,1
WOS:000223987000026,terrestrial,1
WOS:000224044000006,wwt,1
WOS:000224316600006,"freshwater,marine",2
WOS:000224871500003,marine,1
WOS:000224952400019,wwt,1
WOS:000224952400033,wwt,1
WOS:000225194700001,wwt,1
WOS:000225194700008,wwt,1
WOS:000225372700021,wwt,1
WOS:000226104200014,wwt,1
WOS:000226128100018,wwt,1
WOS:000226128100019,wwt,1
WOS:000226128100020,wwt,1
WOS:000226128100022,wwt,1
WOS:000226338900002,terrestrial,1
WOS:000226492300044,"terrestrial,marine",2
WOS:000226712600036,"terrestrial,freshwater,marine",3
WOS:000226928900012,"terrestrial,freshwater",2
WOS:000227454800002,marine,1
WOS:000227474400004,"terrestrial,freshwater",2
WOS:000227569000016,wwt,1
WOS:000227669000003,wwt,1
WOS:000227742900001,wwt,1
WOS:000227745700010,wwt,1
WOS:000228066900008,terrestrial,1
WOS:000228067800010,terrestrial,1
WOS:000228093500010,wwt,1
WOS:000228339200015,wwt,1
WOS:000228529200048,marine,1
WOS:000228901400014,freshwater,1
WOS:000229082200016,"terrestrial,freshwater,marine",3
WOS:000229201600005,wwt,1
WOS:000229691800004,wwt,1
WOS:000229745100002,freshwater,1
WOS:000229890300015,"wwt,terrestrial,marine",3
WOS:000230044800008,terrestrial,1
WOS:000230156300004,wwt,1
WOS:000230178900004,wwt,1
WOS:000230178900006,wwt,1
WOS:000230218500001,terrestrial,1
WOS:000230369900006,"terrestrial,freshwater",2
WOS:000230375300036,wwt,1
WOS:000230396900004,terrestrial,1
WOS:000230445700084,wwt,1
WOS:000230812300005,terrestrial,1
WOS:000230859900016,terrestrial,1
WOS:000231335500013,wwt,1
WOS:000231388700009,wwt,1
WOS:000231958400004,"terrestrial,freshwater",2
WOS:000232239600006,wwt,1
WOS:000232253100006,wwt,1
WOS:000232347600017,"terrestrial,freshwater,marine",3
WOS:000232417800031,wwt,1
WOS:000232585500015,wwt,1
WOS:000232661600001,"terrestrial,freshwater",2
WOS:000232815200004,wwt,1
WOS:000233235100008,terrestrial,1
WOS:000233294800022,wwt,1
WOS:000233500200010,"terrestrial,freshwater,marine",3
WOS:000234052600006,wwt,1
WOS:000234416700010,wwt,1
WOS:000234417600129,wwt,1
WOS:000234492000007,"terrestrial,freshwater",2
WOS:000234662800032,marine,1
WOS:000234669100011,freshwater,1
WOS:000234773400007,wwt,1
WOS:000234800200002,wwt,1
WOS:000234897300005,marine,1
WOS:000235153300002,wwt,1
WOS:000235220500007,freshwater,1
WOS:000235272400016,wwt,1
WOS:000235272900010,wwt,1
WOS:000235330900011,wwt,1
WOS:000235658700023,terrestrial,1
WOS:000235727700016,wwt,1
WOS:000235949200003,"terrestrial,agriculture",2
WOS:000236102300007,wwt,1
WOS:000236194300004,"freshwater,marine",2
WOS:000236296100006,wwt,1
WOS:000236628400009,wwt,1
WOS:000236738500016,terrestrial,1
WOS:000237344500018,terrestrial,1
WOS:000237525500038,terrestrial,1
WOS:000237540100003,wwt,1
WOS:000237540100013,wwt,1
WOS:000237772200013,"freshwater,marine",2
WOS:000237853400002,wwt,1
WOS:000237853400012,wwt,1
WOS:000238056000028,wwt,1
WOS:000238143000016,wwt,1
WOS:000238350700012,wwt,1
WOS:000238618700010,freshwater,1
WOS:000238677300004,terrestrial,1
WOS:000238859400019,wwt,1
WOS:000238920200009,terrestrial,1
WOS:000238932700020,wwt,1
WOS:000238946800022,wwt,1
WOS:000239076000010,wwt,1
WOS:000239196200007,wwt,1
WOS:000239287100004,terrestrial,1
WOS:000239498100005,wwt,1
WOS:000239498100008,wwt,1
WOS:000239498100009,wwt,1
WOS:000239498100011,wwt,1
WOS:000239498100013,wwt,1
WOS:000239498100014,wwt,1
WOS:000239498100015,wwt,1
WOS:000239498100022,wwt,1
WOS:000239498100024,wwt,1
WOS:000239498100026,wwt,1
WOS:000239498100030,wwt,1
WOS:000239498100031,wwt,1
WOS:000239498100032,wwt,1
WOS:000239543700004,wwt,1
WOS:000239543700007,wwt,1
WOS:000239655100003,"terrestrial,freshwater",2
WOS:000239818700004,"terrestrial,freshwater,marine",3
WOS:000239859900006,terrestrial,1
WOS:000240185200025,wwt,1
WOS:000240415300007,terrestrial,1
WOS:000240474000076,marine,1
WOS:000240673800036,"terrestrial,freshwater",2
WOS:000240693600026,wwt,1
WOS:000240935800001,wwt,1
WOS:000241459600004,wwt,1
WOS:000241654600004,wwt,1
WOS:000241706100009,freshwater,1
WOS:000241823000010,wwt,1
WOS:000242003800023,marine,1
WOS:000242007100004,terrestrial,1
WOS:000242170300004,terrestrial,1
WOS:000242431100035,terrestrial,1
WOS:000242677200010,wwt,1
WOS:000242793400067,"terrestrial,freshwater",2
WOS:000242988600005,"terrestrial,freshwater",2
WOS:000242988600021,wwt,1
WOS:000243146400003,terrestrial,1
WOS:000243402000012,marine,1
WOS:000243461200015,terrestrial,1
WOS:000243545300018,wwt,1
WOS:000243739700024,freshwater,1
WOS:000243743700016,wwt,1
WOS:000244070900002,"terrestrial,freshwater",2
WOS:000244392000004,"terrestrial,marine",2
WOS:000244467500036,wwt,1
WOS:000244629100010,"terrestrial,freshwater",2
WOS:000244883800015,wwt,1
WOS:000244992800019,freshwater,1
WOS:000245168000035,terrestrial,1
WOS:000245171400018,wwt,1
WOS:000245576300028,wwt,1
WOS:000245721800003,wwt,1
WOS:000245760300023,terrestrial,1
WOS:000246092100014,wwt,1
WOS:000246353300003,"terrestrial,marine",2
WOS:000246430500028,"terrestrial,freshwater,marine",3
WOS:000246454100014,wwt,1
WOS:000246491700006,wwt,1
WOS:000246588200006,wwt,1
WOS:000246708800004,wwt,1
WOS:000246732500012,wwt,1
WOS:000247169300018,wwt,1
WOS:000247294500003,"wwt,marine",2
WOS:000247382700011,wwt,1
WOS:000247571100001,terrestrial,1
WOS:000247585800012,wwt,1
WOS:000247607300010,terrestrial,1
WOS:000247896100016,wwt,1
WOS:000247960300009,wwt,1
WOS:000248266100001,"freshwater,marine",2
WOS:000248782300013,wwt,1
WOS:000248960500013,wwt,1
WOS:000249202500007,wwt,1
WOS:000249346400004,"terrestrial,freshwater,marine",3
WOS:000249550400021,wwt,1
WOS:000249693500008,terrestrial,1
WOS:000249916600031,"freshwater,marine",2
WOS:000249984400008,wwt,1
WOS:000249990400005,wwt,1
WOS:000250021400007,wwt,1
WOS:000250074700003,wwt,1
WOS:000250115200018,wwt,1
WOS:000250125800018,wwt,1
WOS:000250216900002,wwt,1
WOS:000250216900012,wwt,1
WOS:000250238500004,wwt,1
WOS:000250553500006,terrestrial,1
WOS:000250713700013,terrestrial,1
WOS:000250813200012,wwt,1
WOS:000250960600011,wwt,1
WOS:000251448300005,wwt,1
WOS:000251600300002,terrestrial,1
WOS:000251627300008,wwt,1
WOS:000251639800019,wwt,1
WOS:000251931600014,wwt,1
WOS:000252320800007,wwt,1
WOS:000252443000009,wwt,1
WOS:000252769500007,wwt,1
WOS:000253129900001,marine,1
WOS:000253298900001,"terrestrial,freshwater,marine",3
WOS:000253298900002,"terrestrial,freshwater,marine",3
WOS:000253299300001,freshwater,1
WOS:000253512200004,wwt,1
WOS:000253514700013,"terrestrial,freshwater",2
WOS:000253792700027,wwt,1
WOS:000254098000009,terrestrial,1
WOS:000254115500003,terrestrial,1
WOS:000254649300052,terrestrial,1
WOS:000254754800010,marine,1
WOS:000254768000012,marine,1
WOS:000254814300032,"wwt,freshwater",2
WOS:000255109900056,wwt,1
WOS:000255109900057,wwt,1
WOS:000255321100004,wwt,1
WOS:000255454300042,"terrestrial,marine",2
WOS:000255663400003,wwt,1
WOS:000255663400004,wwt,1
WOS:000255681600002,wwt,1
WOS:000255883600014,wwt,1
WOS:000256236200014,wwt,1
WOS:000256245900226,terrestrial,1
WOS:000256335400001,wwt,1
WOS:000256335400002,wwt,1
WOS:000256460400028,terrestrial,1
WOS:000256569600003,wwt,1
WOS:000256654600024,wwt,1
WOS:000256754000004,wwt,1
WOS:000256961300002,"wwt,terrestrial",2
WOS:000256971200010,"freshwater,marine",2
WOS:000257051900012,wwt,1
WOS:000257446900025,terrestrial,1
WOS:000257446900035,"terrestrial,freshwater",2
WOS:000257464500018,wwt,1
WOS:000257616100042,terrestrial,1
WOS:000257620000017,"terrestrial,freshwater",2
WOS:000257649100038,"wwt,freshwater",2
WOS:000257715500008,wwt,1
WOS:000257911500016,wwt,1
WOS:000257982400018,wwt,1
WOS:000257993800014,wwt,1
WOS:000258267700007,wwt,1
WOS:000258439600022,freshwater,1
WOS:000258485600008,wwt,1
WOS:000258485600023,wwt,1
WOS:000258732500011,terrestrial,1
WOS:000258870200019,marine,1
WOS:000259147900020,"wwt,terrestrial,freshwater",3
WOS:000259182800009,wwt,1
WOS:000259417800019,terrestrial,1
WOS:000259512900008,wwt,1
WOS:000259522800020,wwt,1
WOS:000259753000019,wwt,1
WOS:000259781400004,wwt,1
WOS:000259866800019,"terrestrial,marine",2
WOS:000260016200010,"wwt,marine",2
WOS:000260016200023,wwt,1
WOS:000260051300025,wwt,1
WOS:000260102500046,terrestrial,1
WOS:000260113200019,wwt,1
WOS:000260723000031,wwt,1
WOS:000261127900003,wwt,1
WOS:000261286500007,terrestrial,1
WOS:000261579500021,terrestrial,1
WOS:000261877900030,terrestrial,1
WOS:000261895500019,wwt,1
WOS:000262413800025,freshwater,1
WOS:000262483500039,"terrestrial,freshwater,marine",3
WOS:000262571700014,"wwt,freshwater",2
WOS:000262704300012,wwt,1
WOS:000262750000013,wwt,1
WOS:000263152300060,"wwt,terrestrial,freshwater",3
WOS:000263435800015,wwt,1
WOS:000263481000012,terrestrial,1
WOS:000263595500022,wwt,1
WOS:000263617600010,wwt,1
WOS:000263714300003,freshwater,1
WOS:000263772800009,wwt,1
WOS:000263785300008,wwt,1
WOS:000263933200001,wwt,1
WOS:000264089300004,terrestrial,1
WOS:000264277600006,terrestrial,1
WOS:000264344000004,wwt,1
WOS:000264549400036,wwt,1
WOS:000264936800025,wwt,1
WOS:000265040700010,terrestrial,1
WOS:000265170300005,"terrestrial,marine",2
WOS:000265505400002,"freshwater,marine",2
WOS:000265787500005,"wwt,freshwater",2
WOS:000266468500010,wwt,1
WOS:000266530600002,"terrestrial,marine",2
WOS:000266752200024,wwt,1
WOS:000266782300006,terrestrial,1
WOS:000266924700002,wwt,1
WOS:000267090500008,terrestrial,1
WOS:000267267000048,"wwt,freshwater",2
WOS:000267312900009,wwt,1
WOS:000267586200039,"terrestrial,freshwater",2
WOS:000267882000003,wwt,1
WOS:000267885100004,marine,1
WOS:000268014200007,"freshwater,marine",2
WOS:000268138000038,"terrestrial,freshwater",2
WOS:000268138000045,wwt,1
WOS:000268232700003,wwt,1
WOS:000268376100014,wwt,1
WOS:000268589400007,marine,1
WOS:000269849000001,wwt,1
WOS:000270629500013,wwt,1
WOS:000270913300016,wwt,1
WOS:000271005300024,wwt,1
WOS:000271272900013,terrestrial,1
WOS:000271439600017,wwt,1
WOS:000271526800012,terrestrial,1
WOS:000271664600031,"wwt,freshwater",2
WOS:000272452900005,wwt,1
WOS:000272500800003,wwt,1
WOS:000272582500019,wwt,1
WOS:000272830700020,wwt,1
WOS:000272917200045,wwt,1
WOS:000273001700020,wwt,1
WOS:000273120100006,marine,1
WOS:000273182500009,wwt,1
WOS:000273383300002,freshwater,1
WOS:000273447500011,freshwater,1
WOS:000274271400008,wwt,1
WOS:000274707600031,wwt,1
WOS:000274769500058,terrestrial,1
WOS:000275379300057,freshwater,1
WOS:000275563200012,"wwt,terrestrial",2
WOS:000275644500067,wwt,1
WOS:000275706600027,wwt,1
WOS:000275766400016,wwt,1
WOS:000275999800029,wwt,1
WOS:000276125500017,wwt,1
WOS:000276189600013,marine,1
WOS:000276857300018,wwt,1
WOS:000276973400018,wwt,1
WOS:000277000300010,wwt,1
WOS:000277347400018,marine,1
WOS:000277732700002,wwt,1
WOS:000277746500001,wwt,1
WOS:000277817300007,wwt,1
WOS:000277882000022,wwt,1
WOS:000277939200021,"terrestrial,freshwater",2
WOS:000278357700036,marine,1
WOS:000278415300007,wwt,1
WOS:000278617000047,"wwt,terrestrial,freshwater",3
WOS:000279200600035,wwt,1
WOS:000279209000002,terrestrial,1
WOS:000279298700003,marine,1
WOS:000279517400012,wwt,1
WOS:000279517700002,wwt,1
WOS:000280633400017,wwt,1
WOS:000281176200016,wwt,1
WOS:000281638900024,wwt,1
WOS:000281823100029,"wwt,terrestrial",2
WOS:000281941100033,freshwater,1
WOS:000282098100046,marine,1
WOS:000282148000009,wwt,1
WOS:000282768800028,wwt,1
WOS:000282813700006,marine,1
WOS:000283190300006,wwt,1
WOS:000283360800011,"terrestrial,freshwater",2
WOS:000283657000023,marine,1
WOS:000283667100032,marine,1
WOS:000283839600007,wwt,1
WOS:000283843900028,wwt,1
WOS:000283910600010,wwt,1
WOS:000283910600018,wwt,1
WOS:000284248300040,wwt,1
WOS:000285070800016,terrestrial,1
WOS:000285096700025,freshwater,1
WOS:000285631000012,wwt,1
WOS:000285773200005,marine,1
WOS:000285824400005,marine,1
WOS:000286393300015,"terrestrial,freshwater",2
WOS:000286499600022,wwt,1
WOS:000286499600023,wwt,1
WOS:000286530500012,marine,1
WOS:000286664100039,"wwt,marine",2
WOS:000286782700066,wwt,1
WOS:000286790500015,"terrestrial,freshwater",2
WOS:000287106800029,"wwt,terrestrial",2
WOS:000287259400018,wwt,1
WOS:000287339100008,terrestrial,1
WOS:000287589700005,"wwt,terrestrial,freshwater,marine",4
WOS:000287750100019,terrestrial,1
WOS:000287826800010,marine,1
WOS:000287826800018,freshwater,1
WOS:000287852900013,"wwt,terrestrial,marine",3
WOS:000288313100017,marine,1
WOS:000288313200020,agriculture,1
WOS:000288419900016,wwt,1
WOS:000288455300034,terrestrial,1
WOS:000288528000013,wwt,1
WOS:000288637000008,wwt,1
WOS:000288841500049,wwt,1
WOS:000288853400039,agriculture,1
WOS:000289297100005,terrestrial,1
WOS:000289297100007,wwt,1
WOS:000289497600016,wwt,1
WOS:000289837000009,wwt,1
WOS:000290020000016,wwt,1
WOS:000290021000012,"terrestrial,marine",2
WOS:000290406200008,wwt,1
WOS:000290431500006,wwt,1
WOS:000290431500019,"wwt,terrestrial",2
WOS:000290473200040,marine,1
WOS:000291125800024,wwt,1
WOS:000291241200006,marine,1
WOS:000291252500014,wwt,1
WOS:000291252500015,wwt,1
WOS:000291282900038,"terrestrial,freshwater",2
WOS:000291312500001,"freshwater,marine",2
WOS:000292075400003,"terrestrial,freshwater",2
WOS:000292377700003,wwt,1
WOS:000292409500008,wwt,1
WOS:000292531600018,marine,1
WOS:000292947800004,wwt,1
WOS:000292975600001,"terrestrial,freshwater",2
WOS:000293087500007,terrestrial,1
WOS:000293632500001,marine,1
WOS:000293684700017,"terrestrial,freshwater",2
WOS:000294277100010,wwt,1
WOS:000294277100078,wwt,1
WOS:000294373400028,wwt,1
WOS:000294396100011,wwt,1
WOS:000295386800010,wwt,1
WOS:000295386800033,wwt,1
WOS:000295386800037,wwt,1
WOS:000295386800042,wwt,1
WOS:000295562100018,marine,1
WOS:000296200700005,terrestrial,1
WOS:000296479700002,freshwater,1
WOS:000296760200008,"wwt,marine",2
WOS:000296760200018,wwt,1
WOS:000296826200030,wwt,1
WOS:000296862700059,marine,1
WOS:000297490500038,wwt,1
WOS:000297991100002,terrestrial,1
WOS:000298260400010,terrestrial,1
WOS:000298273600015,wwt,1
WOS:000298762900012,wwt,1
WOS:000299293900013,"terrestrial,freshwater,marine",3
WOS:000299730600009,marine,1
WOS:000300304100001,wwt,1
WOS:000300439600008,wwt,1
WOS:000300478100022,freshwater,1
WOS:000300634800008,wwt,1
WOS:000300648100031,"wwt,terrestrial,freshwater",3
WOS:000300657900034,wwt,1
WOS:000300875100040,"terrestrial,freshwater",2
WOS:000300883200019,freshwater,1
WOS:000301155800004,wwt,1
WOS:000301400500025,wwt,1
WOS:000301630200028,wwt,1
WOS:000303306400030,"terrestrial,freshwater",2
WOS:000303348800046,wwt,1
WOS:000303385900035,wwt,1
WOS:000303606500008,wwt,1
WOS:000303697800006,freshwater,1
WOS:000304047800002,wwt,1
WOS:000304278100009,terrestrial,1
WOS:000304523400035,marine,1
WOS:000304585300017,wwt,1
WOS:000304788500063,terrestrial,1
WOS:000304810200012,freshwater,1
WOS:000304810200014,marine,1
WOS:000305035900081,wwt,1
WOS:000305435500007,wwt,1
WOS:000305435500013,wwt,1
WOS:000305451400005,wwt,1
WOS:000305467100009,wwt,1
WOS:000305637400001,"terrestrial,freshwater,marine",3
WOS:000305876500039,wwt,1
WOS:000305919900011,marine,1
WOS:000306075100001,"wwt,terrestrial",2
WOS:000306092100006,"freshwater,marine",2
WOS:000306355900037,"terrestrial,freshwater",2
WOS:000306483000016,"terrestrial,freshwater",2
WOS:000306683500009,wwt,1
WOS:000306977800004,wwt,1
WOS:000307212800041,freshwater,1
WOS:000308354300025,"wwt,marine",2
WOS:000308996900007,wwt,1
WOS:000309030800011,marine,1
WOS:000309071800020,wwt,1
WOS:000309085800022,marine,1
WOS:000309185600011,wwt,1
WOS:000309299300004,wwt,1
WOS:000309299300027,wwt,1
WOS:000309299300053,wwt,1
WOS:000309371600010,wwt,1
WOS:000309431200027,"terrestrial,freshwater",2
WOS:000309446000017,wwt,1
WOS:000310112500001,wwt,1
WOS:000310396100042,terrestrial,1
WOS:000310432900002,marine,1
WOS:000310763600011,wwt,1
WOS:000310822200003,terrestrial,1
WOS:000311193600006,freshwater,1
WOS:000311262100012,freshwater,1
WOS:000311262400017,terrestrial,1
WOS:000311425800001,marine,1
WOS:000311873500026,wwt,1
WOS:000312339100006,"terrestrial,freshwater",2
WOS:000312340500004,wwt,1
WOS:000312926400017,wwt,1
WOS:000312931600030,marine,1
WOS:000312945800005,wwt,1
WOS:000313470400009,marine,1
WOS:000313786400018,wwt,1
WOS:000313806400016,wwt,1
WOS:000313933500022,marine,1
WOS:000313960500025,marine,1
WOS:000314270100018,wwt,1
WOS:000314429800021,wwt,1
WOS:000314558100063,freshwater,1
WOS:000315194900018,wwt,1
WOS:000315281300017,freshwater,1
WOS:000315324900012,wwt,1
WOS:000315454500025,wwt,1
WOS:000315473000005,"terrestrial,agriculture",2
WOS:000315977000004,wwt,1
WOS:000316032100019,"wwt,terrestrial",2
WOS:000316032300051,wwt,1
WOS:000316682500250,terrestrial,1
WOS:000316726400011,wwt,1
WOS:000317168900008,wwt,1
WOS:000317252900005,wwt,1
WOS:000317813400036,wwt,1
WOS:000318052200033,wwt,1
WOS:000318208500005,wwt,1
WOS:000318379800014,"wwt,freshwater",2
WOS:000318624000001,terrestrial,1
WOS:000318653500003,wwt,1
WOS:000318887800016,wwt,1
WOS:000319020900013,wwt,1
WOS:000319179100013,"terrestrial,freshwater,marine",3
WOS:000319237000003,marine,1
WOS:000319308400010,wwt,1
WOS:000319333600010,wwt,1
WOS:000319652400016,wwt,1
WOS:000319771700010,terrestrial,1
WOS:000319781100014,wwt,1
WOS:000319873300013,wwt,1
WOS:000319942700040,wwt,1
WOS:000319947400001,terrestrial,1
WOS:000321027500037,freshwater,1
WOS:000321171500003,terrestrial,1
WOS:000321313800026,wwt,1
WOS:000321336200014,wwt,1
WOS:000321558900008,wwt,1
WOS:000321723100010,wwt,1
WOS:000321723100014,wwt,1
WOS:000322292800097,wwt,1
WOS:000322303100016,terrestrial,1
WOS:000322886600019,wwt,1
WOS:000323078400002,"terrestrial,marine",2
WOS:000323142000007,wwt,1
WOS:000323239800028,wwt,1
WOS:000323593900019,wwt,1
WOS:000323997800003,marine,1
WOS:000324280100013,wwt,1
WOS:000324566400048,wwt,1
WOS:000324631100009,wwt,1
WOS:000324900800035,terrestrial,1
WOS:000325739100005,wwt,1
WOS:000326123600016,"wwt,terrestrial",2
WOS:000326214900014,terrestrial,1
WOS:000326768300032,"wwt,freshwater",2
WOS:000326769300060,terrestrial,1
WOS:000326891500003,marine,1
WOS:000326905400047,wwt,1
WOS:000326910000022,wwt,1
WOS:000327108000002,wwt,1
WOS:000327451800006,wwt,1
WOS:000327461800002,marine,1
WOS:000327911700007,"wwt,freshwater",2
WOS:000328006200006,wwt,1
WOS:000328225600007,"terrestrial,freshwater",2
WOS:000328406700001,wwt,1
WOS:000328705200053,terrestrial,1
WOS:000329240700016,terrestrial,1
WOS:000329274900007,wwt,1
WOS:000329274900008,"wwt,freshwater,marine",3
WOS:000329274900009,"wwt,freshwater",2
WOS:000329504800006,"terrestrial,freshwater",2
WOS:000330202500008,terrestrial,1
WOS:000330400400001,wwt,1
WOS:000330574200011,wwt,1
WOS:000330933100006,freshwater,1
WOS:000331134000024,terrestrial,1
WOS:000331460400033,wwt,1
WOS:000331486200003,marine,1
WOS:000331781900005,wwt,1
WOS:000331823000057,"terrestrial,freshwater",2
WOS:000331879900011,wwt,1
WOS:000331924200021,freshwater,1
WOS:000332427100004,terrestrial,1
WOS:000332446100002,wwt,1
WOS:000333231800015,marine,1
WOS:000333612000034,"wwt,marine",2
WOS:000334003000018,wwt,1
WOS:000334030700008,terrestrial,1
WOS:000334136900009,wwt,1
WOS:000334143400006,wwt,1
WOS:000334270200004,terrestrial,1
WOS:000334270200005,terrestrial,1
WOS:000334438200033,wwt,1
WOS:000334684700028,wwt,1
WOS:000335113100024,marine,1
WOS:000335275200038,wwt,1
WOS:000335745100032,marine,1
WOS:000336109200011,"terrestrial,freshwater,marine",3
WOS:000336415200032,wwt,1
WOS:000336687900057,marine,1
WOS:000336708300003,wwt,1
WOS:000336843600006,marine,1
WOS:000336983000004,"terrestrial,freshwater",2
WOS:000337205500019,wwt,1
WOS:000337876400001,wwt,1
WOS:000338777300010,wwt,1
WOS:000338989800010,wwt,1
WOS:000338990400006,wwt,1
WOS:000338991400018,wwt,1
WOS:000339464200004,marine,1
WOS:000339695900034,"terrestrial,marine",2
WOS:000340087600030,wwt,1
WOS:000340101100002,wwt,1
WOS:000340168200026,marine,1
WOS:000340326100022,"terrestrial,freshwater",2
WOS:000340837600028,"wwt,freshwater",2
WOS:000340837600030,wwt,1
WOS:000340989800004,wwt,1
WOS:000341182300024,wwt,1
WOS:000341229300052,wwt,1
WOS:000341348500011,wwt,1
WOS:000341348500015,wwt,1
WOS:000341486600014,marine,1
WOS:000341579700010,wwt,1
WOS:000341832800004,wwt,1
WOS:000341925700009,wwt,1
WOS:000342248000007,terrestrial,1
WOS:000342314700013,wwt,1
WOS:000342491600024,wwt,1
WOS:000342761600043,wwt,1
WOS:000342881300018,wwt,1
WOS:000342921200025,marine,1
WOS:000343091700012,wwt,1
WOS:000344075300007,wwt,1
WOS:000344113800040,wwt,1
WOS:000344377100006,wwt,1
WOS:000344388600007,wwt,1
WOS:000344816700083,terrestrial,1
WOS:000344823500027,wwt,1
WOS:000344823500028,wwt,1
WOS:000344922000001,"terrestrial,freshwater",2
WOS:000344922000002,freshwater,1
WOS:000345036000018,"terrestrial,freshwater",2
WOS:000345320700010,terrestrial,1
WOS:000345320800003,"terrestrial,freshwater,marine",3
WOS:000345384600016,freshwater,1
WOS:000345517800006,wwt,1
WOS:000345631900013,marine,1
WOS:000346357100013,"terrestrial,freshwater,marine",3
WOS:000346907600086,terrestrial,1
WOS:000347170300008,"freshwater,marine",2
WOS:000347263300005,wwt,1
WOS:000347263300100,wwt,1
WOS:000347435100016,marine,1
WOS:000347577700007,wwt,1
WOS:000347624500007,"wwt,terrestrial,freshwater",3
WOS:000347660400004,freshwater,1
WOS:000347756900075,"wwt,freshwater",2
WOS:000347761100031,wwt,1
WOS:000347761100032,wwt,1
WOS:000348084000012,wwt,1
WOS:000348256300001,"terrestrial,marine",2
WOS:000348686100027,"terrestrial,marine",2
WOS:000348689500003,wwt,1
WOS:000348839500005,freshwater,1
WOS:000349503600018,wwt,1
WOS:000349598200034,"terrestrial,freshwater",2
WOS:000350294100001,wwt,1
WOS:000350322700008,"wwt,freshwater",2
WOS:000350670700002,"terrestrial,freshwater",2
WOS:000350679400020,"freshwater,marine",2
WOS:000350869700008,"wwt,freshwater",2
WOS:000351210900020,wwt,1
WOS:000351318500002,wwt,1
WOS:000351513500013,wwt,1
WOS:000351767200003,wwt,1
WOS:000352040700010,terrestrial,1
WOS:000352081500019,terrestrial,1
WOS:000352212300026,wwt,1
WOS:000352287800057,"terrestrial,marine",2
WOS:000352328300020,freshwater,1
WOS:000352482300007,terrestrial,1
WOS:000353097900012,terrestrial,1
WOS:000353193200025,wwt,1
WOS:000353336900025,marine,1
WOS:000353507100009,wwt,1
WOS:000353560300014,"wwt,freshwater",2
WOS:000353605200018,wwt,1
WOS:000353729100052,"wwt,freshwater",2
WOS:000353735800022,wwt,1
WOS:000353740500004,terrestrial,1
WOS:000354344900015,terrestrial,1
WOS:000354412900005,marine,1
WOS:000354943300012,wwt,1
WOS:000355364400023,"wwt,marine",2
WOS:000355672800010,wwt,1
WOS:000356528200027,wwt,1
WOS:000357320500001,wwt,1
WOS:000357355500008,"wwt,terrestrial,freshwater",3
WOS:000357664200047,wwt,1
WOS:000357915400001,wwt,1
WOS:000358102800001,"terrestrial,agriculture",2
WOS:000358102800002,terrestrial,1
WOS:000358102900005,terrestrial,1
WOS:000358130500008,"terrestrial,freshwater",2
WOS:000358229500053,wwt,1
WOS:000358380900071,wwt,1
WOS:000358397200001,terrestrial,1
WOS:000358702700042,wwt,1
WOS:000358805000001,"wwt,freshwater",2
WOS:000358805000032,wwt,1
WOS:000358964200030,wwt,1
WOS:000359197900001,wwt,1
WOS:000359607200010,wwt,1
WOS:000359833900015,"wwt,terrestrial,freshwater",3
WOS:000360377000001,wwt,1
WOS:000360401400008,"terrestrial,freshwater",2
WOS:000360418000036,wwt,1
WOS:000360518800002,terrestrial,1
WOS:000360770200007,wwt,1
WOS:000361839200013,wwt,1
WOS:000362147400002,wwt,1
WOS:000362147400020,wwt,1
WOS:000362308200019,wwt,1
WOS:000362845800019,"wwt,freshwater",2
WOS:000363071300014,wwt,1
WOS:000363487500022,wwt,1
WOS:000363824400008,wwt,1
WOS:000364073700018,marine,1
WOS:000364186000001,marine,1
WOS:000364247100005,wwt,1
WOS:000364520100010,"wwt,terrestrial,freshwater,marine",4
WOS:000365070500006,terrestrial,1
WOS:000365599500006,wwt,1
WOS:000366469200018,wwt,1
WOS:000366617500013,"terrestrial,freshwater",2
WOS:000366618300012,wwt,1
WOS:000366666000026,wwt,1
WOS:000366872300068,"wwt,terrestrial",2
WOS:000366994200001,"wwt,terrestrial,agriculture",3
WOS:000367097500009,"wwt,terrestrial,freshwater",3
WOS:000367774400129,wwt,1
WOS:000367774400227,wwt,1
WOS:000367774400287,"wwt,marine",2
WOS:000367951400021,wwt,1
WOS:000367983800015,marine,1
WOS:000368207500100,wwt,1
WOS:000368964900002,terrestrial,1
WOS:000368970300002,marine,1
WOS:000369077300041,marine,1
WOS:000369461800048,wwt,1
WOS:000370547800014,wwt,1
WOS:000370672600006,wwt,1
WOS:000370672600022,wwt,1
WOS:000371205300001,wwt,1
WOS:000371262600042,wwt,1
WOS:000371371700052,freshwater,1
WOS:000371452900010,terrestrial,1
WOS:000371552500022,wwt,1
WOS:000372282000034,wwt,1
WOS:000372300100001,freshwater,1
WOS:000372364000003,wwt,1
WOS:000372364000020,"terrestrial,marine",2
WOS:000373603500080,wwt,1
WOS:000374211500040,terrestrial,1
WOS:000374406800004,wwt,1
WOS:000375186700002,wwt,1
WOS:000375186700012,"wwt,freshwater",2
WOS:000375186700037,wwt,1
WOS:000375395500001,wwt,1
WOS:000375816400026,wwt,1
WOS:000375876600005,marine,1
WOS:000375899200001,"wwt,agriculture",2
WOS:000376135000001,wwt,1
WOS:000376211700009,"wwt,freshwater",2
WOS:000376471600004,"terrestrial,freshwater,marine",3
WOS:000376590200004,terrestrial,1
WOS:000377139500028,"terrestrial,freshwater",2
WOS:000377222400002,marine,1
WOS:000377467400005,wwt,1
WOS:000378864300033,"terrestrial,freshwater",2
WOS:000378876500018,wwt,1
WOS:000379555900095,wwt,1
WOS:000379797800008,wwt,1
WOS:000380006500001,wwt,1
WOS:000380753100015,"terrestrial,marine",2
WOS:000381060900126,terrestrial,1
WOS:000381654600046,marine,1
WOS:000381768400063,wwt,1
WOS:000381950400013,wwt,1
WOS:000381950400049,wwt,1
WOS:000382590900032,wwt,1
WOS:000382727400008,freshwater,1
WOS:000383526800008,marine,1
WOS:000384222200020,wwt,1
WOS:000384322700059,wwt,1
WOS:000384420200006,terrestrial,1
WOS:000384530600004,wwt,1
WOS:000384571800087,marine,1
WOS:000384710500112,wwt,1
WOS:000384711900003,wwt,1
WOS:000384711900014,wwt,1
WOS:000384712900003,wwt,1
WOS:000384712900008,wwt,1
WOS:000384984200012,terrestrial,1
WOS:000385322500010,terrestrial,1
WOS:000385371400069,wwt,1
WOS:000385419200032,wwt,1
WOS:000385594000007,"freshwater,marine",2
WOS:000385902000010,wwt,1
WOS:000386242500031,wwt,1
WOS:000386243600039,wwt,1
WOS:000386401900033,wwt,1
WOS:000386408000014,wwt,1
WOS:000386603800028,terrestrial,1
WOS:000386991100026,marine,1
WOS:000388048700035,wwt,1
WOS:000388580200045,"terrestrial,freshwater,agriculture",3
WOS:000389752300005,"terrestrial,freshwater",2
WOS:000390001400028,"wwt,terrestrial,freshwater",3
WOS:000390181600013,wwt,1
WOS:000390627200030,"freshwater,marine",2
WOS:000391104300014,freshwater,1
WOS:000391154000001,wwt,1
WOS:000391867300012,wwt,1
WOS:000392313000014,"terrestrial,freshwater",2
WOS:000392768200010,wwt,1
WOS:000392926100002,marine,1
WOS:000393687400030,wwt,1
WOS:000394219200021,wwt,1
WOS:000394508000014,wwt,1
WOS:000394556400047,"terrestrial,freshwater",2
WOS:000394723200042,wwt,1
WOS:000395002300012,"freshwater,marine",2
WOS:000395214900006,wwt,1
WOS:000395218900002,terrestrial,1
WOS:000395218900041,wwt,1
WOS:000395761900006,"terrestrial,freshwater",2
WOS:000396122900005,wwt,1
WOS:000396365900007,wwt,1
WOS:000396946800042,freshwater,1
WOS:000397007200021,wwt,1
WOS:000397107300025,wwt,1
WOS:000397259800016,marine,1
WOS:000397346100002,"wwt,terrestrial",2
WOS:000397462700024,marine,1
WOS:000397590800018,wwt,1
WOS:000397695800030,wwt,1
WOS:000397922400027,wwt,1
WOS:000397923200046,wwt,1
WOS:000397932000020,marine,1
WOS:000398036900009,wwt,1
WOS:000398596700005,wwt,1
WOS:000399094700084,freshwater,1
WOS:000399162900016,wwt,1
WOS:000399261900044,terrestrial,1
WOS:000399762700025,"terrestrial,marine",2
WOS:000399859700043,wwt,1
WOS:000400235800001,wwt,1
WOS:000400277400006,terrestrial,1
WOS:000400464400008,wwt,1
WOS:000400867100050,wwt,1
WOS:000401114200003,"wwt,terrestrial,freshwater",3
WOS:000401171800001,"terrestrial,marine",2
WOS:000401208300006,wwt,1
WOS:000401674400004,"wwt,terrestrial",2
WOS:000401688900003,wwt,1
WOS:000401744000013,wwt,1
WOS:000402123800005,"terrestrial,freshwater,marine",3
WOS:000402211400022,wwt,1
WOS:000403432100007,wwt,1
WOS:000403560300022,wwt,1
WOS:000403569900035,wwt,1
WOS:000403743000010,wwt,1
WOS:000403987500033,"wwt,freshwater",2
WOS:000404130200006,wwt,1
WOS:000404199100009,wwt,1
WOS:000405591400005,wwt,1
WOS:000406137200008,"wwt,freshwater",2
WOS:000407404300017,wwt,1
WOS:000407563000023,wwt,1
WOS:000407706300015,wwt,1
WOS:000408074600006,terrestrial,1
WOS:000408275500040,wwt,1
WOS:000408736600001,wwt,1
WOS:000409562000074,wwt,1
WOS:000409909300004,terrestrial,1
WOS:000410019500004,"terrestrial,freshwater",2
WOS:000410342200013,terrestrial,1
WOS:000410673400012,"terrestrial,freshwater",2
WOS:000410935000009,wwt,1
WOS:000411239300098,wwt,1
WOS:000411549800027,wwt,1
WOS:000411760000010,wwt,1
WOS:000412211300007,"wwt,freshwater",2
WOS:000412504700010,freshwater,1
WOS:000412787100032,wwt,1
WOS:000412914400022,terrestrial,1
WOS:000413264100045,marine,1
WOS:000413606600009,marine,1
WOS:000414411700002,terrestrial,1
WOS:000414817900005,wwt,1
WOS:000414817900074,wwt,1
WOS:000415810900012,wwt,1
WOS:000415890300011,terrestrial,1
WOS:000415906900026,wwt,1
WOS:000416199700111,wwt,1
WOS:000416498100019,wwt,1
WOS:000416545300047,marine,1
WOS:000417508100013,wwt,1
WOS:000418510500007,"wwt,freshwater",2
WOS:000418533400203,wwt,1
WOS:000419409000059,freshwater,1
WOS:000419419500024,wwt,1
WOS:000422739300100,agriculture,1
WOS:000422803400017,wwt,1
WOS:000423047200003,"terrestrial,freshwater",2
WOS:000423047200004,"terrestrial,freshwater",2
WOS:000423245500090,"wwt,terrestrial",2
WOS:000423304700062,wwt,1
WOS:000424111300025,wwt,1
WOS:000424121800143,"terrestrial,freshwater",2
WOS:000424716800020,wwt,1
WOS:000424851700029,terrestrial,1
WOS:000424955400044,freshwater,1
WOS:000425019400011,marine,1
WOS:000425075500010,wwt,1
WOS:000425205400029,wwt,1
WOS:000425288600001,terrestrial,1
WOS:000426018300006,wwt,1
WOS:000426072600001,wwt,1
WOS:000426072600003,wwt,1
WOS:000426154300025,wwt,1
WOS:000426280100028,wwt,1
WOS:000426508700008,marine,1
WOS:000427597800001,"wwt,marine",2
WOS:000427619400047,wwt,1
WOS:000427697900010,"wwt,marine",2
WOS:000427847400013,wwt,1
WOS:000428832200022,"terrestrial,marine",2
WOS:000429303700007,"terrestrial,marine",2
WOS:000429481200005,wwt,1
WOS:000430192000024,terrestrial,1
WOS:000430245100002,terrestrial,1
WOS:000430269200041,"wwt,freshwater",2
WOS:000430520200027,wwt,1
WOS:000430969800023,"wwt,freshwater",2
WOS:000431403000007,wwt,1
WOS:000431408800008,wwt,1
WOS:000431551400010,wwt,1
WOS:000431887900001,marine,1
WOS:000431936900008,wwt,1
WOS:000432019600025,marine,1
WOS:000432417400016,"freshwater,marine",2
WOS:000432467000010,marine,1
WOS:000432526300026,wwt,1
WOS:000432800400001,wwt,1
WOS:000433170100008,terrestrial,1
WOS:000433266500010,wwt,1
WOS:000433471900004,wwt,1
WOS:000433649800055,"wwt,freshwater",2
WOS:000434754600009,terrestrial,1
WOS:000435064000009,"terrestrial,freshwater",2
WOS:000437475600030,marine,1
WOS:000438606100036,wwt,1
WOS:000438658800035,"wwt,freshwater",2
WOS:000438691500022,wwt,1
WOS:000439474700008,marine,1
WOS:000439517000006,terrestrial,1
WOS:000439640900054,"wwt,freshwater",2
WOS:000439732000013,"terrestrial,freshwater",2
WOS:000439928900002,terrestrial,1
WOS:000439942200012,freshwater,1
WOS:000440115600050,"terrestrial,freshwater",2
WOS:000440125800006,wwt,1
WOS:000440513900007,agriculture,1
WOS:000441109000005,wwt,1
WOS:000441231100003,freshwater,1
WOS:000441477600059,wwt,1
WOS:000441866200009,wwt,1
WOS:000443467100001,wwt,1
WOS:000445516200005,wwt,1
WOS:000445518100007,wwt,1
WOS:000445519000017,wwt,1
WOS:000445636600033,marine,1
WOS:000445760200161,wwt,1
WOS:000446662800010,terrestrial,1
WOS:000446667000013,terrestrial,1
WOS:000446987700005,terrestrial,1
WOS:000447004100055,"wwt,freshwater",2
WOS:000447427300013,terrestrial,1
WOS:000447569300073,wwt,1
WOS:000448124000018,terrestrial,1
WOS:000448161200023,wwt,1
WOS:000448484000008,terrestrial,1
WOS:000449521400029,terrestrial,1
WOS:000450551600078,wwt,1
WOS:000451491500006,terrestrial,1
WOS:000451640500029,"terrestrial,freshwater",2
WOS:000452777300013,wwt,1
WOS:000452931600022,wwt,1
WOS:000453439600030,marine,1
WOS:000454529300006,"terrestrial,marine",2
WOS:000454542600015,wwt,1
WOS:000455520900013,wwt,1
WOS:000455706700001,freshwater,1
WOS:000455903400136,wwt,1
WOS:000456561600005,wwt,1
WOS:000456705300004,wwt,1
WOS:000457098500016,"terrestrial,freshwater",2
WOS:000457234300001,"terrestrial,freshwater,marine",3
WOS:000457293700137,"terrestrial,freshwater,marine",3
WOS:000457532900001,"freshwater,marine",2
WOS:000457783900047,wwt,1
WOS:000457865400006,terrestrial,1
WOS:000458220600052,wwt,1
WOS:000458221200049,wwt,1
WOS:000458224000016,freshwater,1
WOS:000458236400014,terrestrial,1
WOS:000458833300001,wwt,1
WOS:000459172700006,marine,1
WOS:000460114400010,marine,1
WOS:000460343800012,wwt,1
WOS:000460350900002,wwt,1
WOS:000460350900016,"wwt,freshwater",2
WOS:000460444700003,freshwater,1
WOS:000460896800018,wwt,1
WOS:000461563200039,marine,1
WOS:000462109200003,"terrestrial,freshwater,marine",3
WOS:000462588700035,wwt,1
WOS:000462691200032,marine,1
WOS:000462776800018,marine,1
WOS:000462776800036,"wwt,terrestrial,freshwater",3
WOS:000463374900024,"terrestrial,freshwater",2
WOS:000463559100001,marine,1
WOS:000464130500018,wwt,1
WOS:000464296400005,"wwt,freshwater",2
WOS:000464373000015,"wwt,terrestrial,freshwater",3
WOS:000464488500027,wwt,1
WOS:000464942500028,terrestrial,1
WOS:000464942500036,wwt,1
WOS:000464986200020,wwt,1
WOS:000465051000015,wwt,1
WOS:000465148600011,marine,1
WOS:000466618400017,wwt,1
WOS:000466897300001,terrestrial,1
WOS:000467351200100,marine,1
WOS:000468253500034,"wwt,terrestrial,freshwater",3
WOS:000468368100027,wwt,1
WOS:000468529400009,terrestrial,1
WOS:000469124600025,wwt,1
WOS:000469393600028,marine,1
WOS:000469763400004,freshwater,1
WOS:000471087400016,wwt,1
WOS:000471087800006,freshwater,1
WOS:000471204100021,marine,1
WOS:000472478000006,"terrestrial,freshwater",2
WOS:000472593800016,freshwater,1
WOS:000473750500089,"terrestrial,freshwater",2
WOS:000473756000098,"terrestrial,marine",2
WOS:000474294900016,marine,1
WOS:000475458900014,wwt,1
WOS:000475746800085,wwt,1
WOS:000475814500005,wwt,1
WOS:000475999400016,wwt,1
WOS:000476941500020,wwt,1
WOS:000476980200048,wwt,1
WOS:000477140800001,"terrestrial,agriculture",2
WOS:000477652900096,wwt,1
WOS:000478725200001,wwt,1
WOS:000479021400019,freshwater,1
WOS:000480316300046,terrestrial,1
WOS:000480326200018,wwt,1
WOS:000484994700098,marine,1
WOS:000485111900001,marine,1
WOS:000485207300039,terrestrial,1
WOS:000486895000020,wwt,1
WOS:000487114000004,freshwater,1
WOS:000487567000024,wwt,1
WOS:000487936100066,wwt,1
WOS:000489188300018,wwt,1
WOS:000489307800010,marine,1
WOS:000489307800025,wwt,1
WOS:000489307800033,"terrestrial,agriculture",2
WOS:000489879800001,wwt,1
WOS:000491266200001,wwt,1
WOS:000492333200001,wwt,1
WOS:000493220400025,"wwt,freshwater",2
WOS:000493220400026,wwt,1
WOS:000493383100004,"terrestrial,freshwater",2
WOS:000493721200003,wwt,1
WOS:000493895800001,wwt,1
WOS:000493902100005,freshwater,1
WOS:000495237400002,wwt,1
WOS:000495242000013,freshwater,1
WOS:000495377800001,marine,1
WOS:000495590600012,freshwater,1
WOS:000496745000001,terrestrial,1
WOS:000496898700038,terrestrial,1
WOS:000497391100001,"wwt,freshwater",2
WOS:000497701800058,terrestrial,1
WOS:000497885800101,terrestrial,1
WOS:000498918600001,wwt,1
WOS:000499739500027,"terrestrial,marine",2
WOS:000499953500029,terrestrial,1
WOS:000500583400102,wwt,1
WOS:000502617900001,"freshwater,marine",2
WOS:000502964500002,wwt,1
WOS:000503330400082,wwt,1
WOS:000504330500014,terrestrial,1
WOS:000504527000014,wwt,1
WOS:000504829800090,wwt,1
WOS:000505251300117,wwt,1
WOS:000506472900001,terrestrial,1
WOS:000507465200106,wwt,1
WOS:000508872700009,"freshwater,marine",2
WOS:000509391500376,wwt,1
WOS:000509438100088,terrestrial,1
WOS:000509611300069,wwt,1
WOS:000509632100035,"wwt,terrestrial",2
WOS:000509632100037,wwt,1
WOS:000509985900051,wwt,1
WOS:000510387300006,"freshwater,marine",2
WOS:000510848500004,marine,1
WOS:000511088800019,terrestrial,1
WOS:000511530000001,terrestrial,1
WOS:000511866000018,"wwt,freshwater,marine",3
WOS:000512221100048,wwt,1
WOS:000512221100121,wwt,1
WOS:000513269900002,marine,1
WOS:A19611717B00011,freshwater,1
WOS:A1973Q276600012,terrestrial,1
WOS:A1974T609400016,terrestrial,1
WOS:A1975AJ62900006,terrestrial,1
WOS:A1975AN27600005,terrestrial,1
WOS:A1975BB89900002,terrestrial,1
WOS:A1979GS08600009,terrestrial,1
WOS:A1979GS08600010,terrestrial,1
WOS:A1980JZ86300038,terrestrial,1
WOS:A1987L473900002,terrestrial,1
WOS:A1988U686500007,"terrestrial,freshwater",2
WOS:A1989CE17200009,terrestrial,1
WOS:A1990EN97500004,terrestrial,1
WOS:A1990EQ56700003,"wwt,marine",2
WOS:A1991EN77300001,wwt,1
WOS:A1991EN77300008,"wwt,freshwater",2
WOS:A1991EN77300050,wwt,1
WOS:A1991EV03100003,wwt,1
WOS:A1991EY52100004,terrestrial,1
WOS:A1991FB75600002,marine,1
WOS:A1991FH43200019,freshwater,1
WOS:A1991FJ84100003,marine,1
WOS:A1991FK80000009,terrestrial,1
WOS:A1991FZ64300030,terrestrial,1
WOS:A1991GA70900006,terrestrial,1
WOS:A1991GD40600030,terrestrial,1
WOS:A1991GL22900014,marine,1
WOS:A1991GL87600013,terrestrial,1
WOS:A1991GL87600014,terrestrial,1
WOS:A1991GM64900006,terrestrial,1
WOS:A1991GR47400010,terrestrial,1
WOS:A1991GR47900005,wwt,1
WOS:A1991GT94200031,wwt,1
WOS:A1991GU54500004,terrestrial,1
WOS:A1991HB45700001,terrestrial,1
WOS:A1991HW64500005,terrestrial,1
WOS:A1992HF01500011,wwt,1
WOS:A1992HM29100007,"wwt,freshwater",2
WOS:A1992HQ98300007,"terrestrial,freshwater",2
WOS:A1992HY99000010,wwt,1
WOS:A1992JB84600016,terrestrial,1
WOS:A1992JG94200005,marine,1
WOS:A1992JK39800006,wwt,1
WOS:A1992JM92400013,wwt,1
WOS:A1992JT86000026,terrestrial,1
WOS:A1992JZ39600012,wwt,1
WOS:A1992JZ96300012,freshwater,1
WOS:A1992KA66900054,wwt,1
WOS:A1992KA66900064,wwt,1
WOS:A1992KC62400003,terrestrial,1
WOS:A1992KE77700005,marine,1
WOS:A1992KM34100002,marine,1
WOS:A1993KE60300095,freshwater,1
WOS:A1993KP13700002,wwt,1
WOS:A1993KT47500021,terrestrial,1
WOS:A1993KU03700001,wwt,1
WOS:A1993KX96900031,freshwater,1
WOS:A1993KY68500027,marine,1
WOS:A1993KY82400010,"terrestrial,freshwater",2
WOS:A1993KY82400016,"terrestrial,freshwater",2
WOS:A1993KZ93800003,freshwater,1
WOS:A1993LC44300016,marine,1
WOS:A1993LE60000004,terrestrial,1
WOS:A1993LF18000014,wwt,1
WOS:A1993LJ36900002,terrestrial,1
WOS:A1993LN55800003,terrestrial,1
WOS:A1993LQ08700001,freshwater,1
WOS:A1993LR35000003,freshwater,1
WOS:A1993ME66000034,wwt,1
WOS:A1994ME86300017,wwt,1
WOS:A1994MZ13700005,wwt,1
WOS:A1994NN73400032,marine,1
WOS:A1994NP56400014,wwt,1
WOS:A1994NQ76400002,terrestrial,1
WOS:A1994NR03100006,wwt,1
WOS:A1994NR90100008,terrestrial,1
WOS:A1994NT78200010,terrestrial,1
WOS:A1994PB90600008,freshwater,1
WOS:A1994PF94400033,marine,1
WOS:A1994PK20700018,wwt,1
WOS:A1994PK20700024,wwt,1
WOS:A1994PM73200004,terrestrial,1
WOS:A1994PP13900025,wwt,1
WOS:A1994PP80000006,wwt,1
WOS:A1994PW65100006,terrestrial,1
WOS:A1994QC41700009,terrestrial,1
WOS:A1994QE02400023,wwt,1
WOS:A1994QE02400024,wwt,1
WOS:A1994QE02400025,wwt,1
WOS:A1994QE02400026,wwt,1
WOS:A1994QE02400029,wwt,1
WOS:A1994QE02400032,wwt,1
WOS:A1994QE02400034,wwt,1
WOS:A1994QE02400039,wwt,1
WOS:A1994RL09300011,marine,1
WOS:A1995QE09200006,terrestrial,1
WOS:A1995QE74200004,freshwater,1
WOS:A1995QM24900004,terrestrial,1
WOS:A1995QV67900019,terrestrial,1
WOS:A1995QW18400038,wwt,1
WOS:A1995RE17800017,"terrestrial,freshwater",2
WOS:A1995RE55100003,wwt,1
WOS:A1995RE55100004,wwt,1
WOS:A1995RE55100005,wwt,1
WOS:A1995RF34400002,freshwater,1
WOS:A1995RJ20800001,wwt,1
WOS:A1995RT04900003,marine,1
WOS:A1995RT23400020,marine,1
WOS:A1995RV86600004,wwt,1
WOS:A1995RW20000019,freshwater,1
WOS:A1995RY85400008,wwt,1
WOS:A1995TA83600002,marine,1
WOS:A1995TD90300008,freshwater,1
WOS:A1995TD93000012,wwt,1
WOS:A1995TG89100004,terrestrial,1
WOS:A1995TJ43100004,marine,1
WOS:A1995TL60100007,freshwater,1
WOS:A1995TM93000004,marine,1
WOS:A1995TU05800008,wwt,1
WOS:A1996UB13100020,marine,1
WOS:A1996UD89000005,terrestrial,1
WOS:A1996UH31800015,marine,1
WOS:A1996UP49500007,freshwater,1
WOS:A1996UW40500001,terrestrial,1
WOS:A1996UX14300003,terrestrial,1
WOS:A1996UZ02100001,wwt,1
WOS:A1996VF17900001,freshwater,1
WOS:A1996VF37100011,freshwater,1
WOS:A1996VH68800002,wwt,1
WOS:A1996VK96000004,wwt,1
WOS:A1996VK96000022,wwt,1
WOS:A1996VK96000049,wwt,1
WOS:A1996VK96000051,wwt,1
WOS:A1996VL48600022,marine,1
WOS:A1996VQ64100001,wwt,1
WOS:A1996VT98000013,wwt,1
WOS:A1996VW03900006,wwt,1
WOS:A1996WH50400008,terrestrial,1
WOS:A1997VD89800005,marine,1
WOS:A1997WE18000004,wwt,1
WOS:A1997WE18000021,wwt,1
WOS:A1997WE18000022,wwt,1
WOS:A1997WH70800005,freshwater,1
WOS:A1997WJ19400011,wwt,1
WOS:A1997WL78400008,marine,1
WOS:A1997WL87600007,marine,1
WOS:A1997WR20800027,wwt,1
WOS:A1997WU24600004,freshwater,1
WOS:A1997WV15400002,freshwater,1
WOS:A1997WV76600007,marine,1
WOS:A1997WW13900004,wwt,1
WOS:A1997WZ03700016,wwt,1
WOS:A1997WZ85200003,wwt,1
WOS:A1997WZ85200009,wwt,1
WOS:A1997XD82700033,freshwater,1
WOS:A1997XK23500015,wwt,1
WOS:A1997XK39000021,wwt,1
WOS:A1997XK53700003,"terrestrial,freshwater",2
WOS:A1997XM63100006,wwt,1
WOS:A1997XN43200012,wwt,1
WOS:A1997XP68600005,wwt,1
WOS:A1997XQ18200017,"freshwater,marine",2
WOS:A1997XQ41300018,wwt,1
WOS:A1997XW86900012,freshwater,1
WOS:A1997YC10500014,terrestrial,1
WOS:A1997YG15100003,wwt,1
WOS:A1997YG15100007,wwt,1
WOS:A1997YG15100025,wwt,1
WOS:A1997YK56500005,wwt,1
WOS:A1997YK56500013,wwt,1
WOS:A1997YL20000034,wwt,1
